player,team,total_passes,total_opponents_packed,avg_packing_per_pass,progressive_passes,avg_packing_progressive
Christopher Antwi-Adjej,Bochum,6,13.0,2.17,3.0,3.67
Fabio Torsiello,Darmstadt 98,5,10.0,2.0,1.0,9.0
Brajan Gruda,FSV Mainz 05,17,33.0,1.94,9.0,3.0
Harry Kane,Bayern Munich,7,13.0,1.86,1.0,6.0
Fabian Holland,Darmstadt 98,13,24.0,1.85,5.0,3.4
Daniel Olmo Carvajal,RB Leipzig,19,34.0,1.79,9.0,2.89
Josip Juranović,Union Berlin,24,39.0,1.63,14.0,2.14
Florent Muslija,Freiburg,8,13.0,1.63,4.0,2.5
Nadiem Amiri,FSV Mainz 05,26,42.0,1.62,14.0,2.21
Ansgar Knauff,Eintracht Frankfurt,10,16.0,1.6,4.0,3.25
Koen Casteels,Wolfsburg,17,27.0,1.59,16.0,1.69
Xavi Simons,RB Leipzig,24,36.0,1.5,10.0,2.7
Fares Chaïbi,Eintracht Frankfurt,13,19.0,1.46,6.0,3.17
Jonas Older Wind,Wolfsburg,7,10.0,1.43,5.0,2.0
Maximilian Wittek,Bochum,7,10.0,1.43,5.0,1.8
Umut Tohumcu,Hoffenheim,7,10.0,1.43,6.0,1.67
Lukas Klostermann,RB Leipzig,12,17.0,1.42,7.0,2.0
Manuel Riemann,Bochum,46,65.0,1.41,44.0,1.45
Ludovic Ajorque,FSV Mainz 05,5,7.0,1.4,3.0,2.0
Leroy Sané,Bayern Munich,30,42.0,1.4,15.0,2.2
Linton Maina,FC Köln,5,7.0,1.4,2.0,3.0
Nicolas Seiwald,RB Leipzig,20,28.0,1.4,6.0,2.33
Tim Skarke,Darmstadt 98,12,16.0,1.33,5.0,2.0
Edimilson Fernandes,FSV Mainz 05,15,20.0,1.33,8.0,2.13
Joshua Kimmich,Bayern Munich,41,54.0,1.32,14.0,2.36
Maximilian Arnold,Wolfsburg,35,46.0,1.31,18.0,1.83
Niclas Füllkrug,Borussia Dortmund,10,13.0,1.3,3.0,2.33
Matthias Bader,Darmstadt 98,27,35.0,1.3,13.0,2.0
Lucas Tousart,Union Berlin,7,9.0,1.29,2.0,2.0
Eric Dier,Bayern Munich,33,42.0,1.27,22.0,1.73
Nikola Dovedan,FC Heidenheim,11,14.0,1.27,4.0,1.25
Ritsu Doan,Freiburg,15,19.0,1.27,6.0,2.33
Ellyes Joris Skhiri,Eintracht Frankfurt,19,24.0,1.26,8.0,1.88
Robin Knoche,Union Berlin,12,15.0,1.25,7.0,1.57
Anthony Caci,FSV Mainz 05,33,41.0,1.24,19.0,1.53
Marcel Schuhen,Darmstadt 98,25,31.0,1.24,24.0,1.29
Thomas Müller,Bayern Munich,23,28.0,1.22,8.0,1.75
Faride Alidou,FC Köln,9,11.0,1.22,4.0,2.0
Luca Netz,Borussia Mönchengladbach,14,17.0,1.21,6.0,1.5
Nathan Ngoumou Minpole,Borussia Mönchengladbach,14,17.0,1.21,6.0,1.83
Franck Honorat,Borussia Mönchengladbach,29,35.0,1.21,12.0,1.58
Moritz Nicolas,Borussia Mönchengladbach,15,18.0,1.2,11.0,1.55
Sheraldo Becker,Union Berlin,15,18.0,1.2,1.0,6.0
Vincenzo Grifo,Freiburg,15,18.0,1.2,9.0,2.0
Marvin Mehlem,Darmstadt 98,11,13.0,1.18,5.0,1.6
Erhan Mašović,Bochum,11,13.0,1.18,6.0,2.17
Granit Xhaka,Bayer Leverkusen,1219,1428.0,1.17,524.0,1.63
Philipp Mwene,FSV Mainz 05,6,7.0,1.17,3.0,1.33
Benjamin Henrichs,RB Leipzig,31,36.0,1.16,12.0,2.17
Dan-Axel Zagadou,VfB Stuttgart,26,30.0,1.15,16.0,1.69
Hugo Ekitike,Eintracht Frankfurt,8,9.0,1.13,2.0,3.0
Kevin Vogt,Hoffenheim,32,36.0,1.13,30.0,1.17
Finn Dahmen,Augsburg,24,27.0,1.13,18.0,1.44
Borja Iglesias Quintas,Bayer Leverkusen,25,28.0,1.12,8.0,1.5
Anton Stach,Hoffenheim,26,29.0,1.12,13.0,1.77
Janik Haberer,Union Berlin,9,10.0,1.11,1.0,2.0
Max Finkgräfe,FC Köln,9,10.0,1.11,7.0,1.29
Lukas Kübler,Freiburg,10,11.0,1.1,6.0,1.67
Cédric Zesiger,Wolfsburg,10,11.0,1.1,5.0,1.4
Angelo Stiller,VfB Stuttgart,29,32.0,1.1,15.0,1.53
Nadiem Amiri,Bayer Leverkusen,22,24.0,1.09,7.0,1.57
Christoph Zimmermann,Darmstadt 98,13,14.0,1.08,9.0,1.33
Oliver Baumann,Hoffenheim,38,41.0,1.08,29.0,1.41
Christian Günter,Freiburg,12,13.0,1.08,4.0,2.0
Mathys Tel,Bayern Munich,12,13.0,1.08,4.0,1.75
Nico Schlotterbeck,Borussia Dortmund,46,49.0,1.07,28.0,1.46
Romano Schmid,Werder Bremen,31,33.0,1.06,12.0,1.75
Leon Goretzka,Bayern Munich,39,41.0,1.05,16.0,1.38
Anthony Jung,Werder Bremen,20,21.0,1.05,11.0,1.55
Jonas Hofmann,Bayer Leverkusen,524,552.0,1.05,144.0,1.68
Dejan Ljubicic,FC Köln,20,21.0,1.05,4.0,2.0
Florian Wirtz,Bayer Leverkusen,639,673.0,1.05,212.0,1.55
Keven Schlotterbeck,Bochum,20,21.0,1.05,10.0,0.9
Adam Hložek,Bayer Leverkusen,52,54.0,1.04,16.0,1.25
Exequiel Alejandro Palacios,Bayer Leverkusen,627,652.0,1.04,237.0,1.54
Robert Andrich,Bayer Leverkusen,513,534.0,1.04,185.0,1.44
Mario Götze,Eintracht Frankfurt,26,27.0,1.04,10.0,1.8
Niels Nkounkou,Eintracht Frankfurt,34,35.0,1.03,13.0,1.92
Xaver Schlager,RB Leipzig,35,36.0,1.03,14.0,1.64
Marius Wolf,Borussia Dortmund,35,36.0,1.03,18.0,1.5
Leonardo Bittencourt,Werder Bremen,38,39.0,1.03,16.0,1.31
Victor Okoh Boniface,Bayer Leverkusen,132,135.0,1.02,45.0,1.51
Junior Castello Lukeba,RB Leipzig,19,19.0,1.0,11.0,1.27
Aïssa Bilal Laïdouni,Union Berlin,13,13.0,1.0,5.0,1.6
Matúš Bero,Bochum,16,16.0,1.0,3.0,1.33
Lovro Majer,Wolfsburg,10,10.0,1.0,4.0,2.0
Florian Neuhaus,Borussia Mönchengladbach,15,15.0,1.0,5.0,1.4
Paul Jaeckel,Union Berlin,11,11.0,1.0,7.0,1.14
Marvin Ducksch,Werder Bremen,14,14.0,1.0,3.0,2.0
Jamal Musiala,Bayern Munich,12,12.0,1.0,5.0,1.4
Rocco Reitz,Borussia Mönchengladbach,11,11.0,1.0,7.0,1.29
Jan-Niklas Beste,FC Heidenheim,12,12.0,1.0,5.0,1.2
Fredrik Jensen,Augsburg,7,7.0,1.0,2.0,2.5
David Datro Fofana,Union Berlin,5,5.0,1.0,1.0,0.0
Tiago Barreiros de Melo Tomás,Wolfsburg,7,7.0,1.0,3.0,1.67
Jens Petter Hauge,Eintracht Frankfurt,6,6.0,1.0,3.0,1.33
Antonios Papadopoulos,Borussia Dortmund,6,6.0,1.0,5.0,1.0
Sepp van den Berg,FSV Mainz 05,32,32.0,1.0,17.0,1.24
Ian Maatsen,Borussia Dortmund,13,13.0,1.0,4.0,1.0
Chris Führich,VfB Stuttgart,24,24.0,1.0,5.0,2.4
Davie Selke,FC Köln,5,5.0,1.0,1.0,1.0
Hugo Larsson,Eintracht Frankfurt,29,29.0,1.0,10.0,1.8
Mohamed Simakan,RB Leipzig,57,56.0,0.98,29.0,1.66
Mats Hummels,Borussia Dortmund,33,32.0,0.97,18.0,1.44
Emre Can,Borussia Dortmund,29,28.0,0.97,11.0,1.18
Leart Paqarada,FC Köln,23,22.0,0.96,12.0,1.5
Phillip Tietz,Augsburg,25,24.0,0.96,6.0,0.67
Lucas Höler,Freiburg,24,23.0,0.96,10.0,1.2
Robin Zentner,FSV Mainz 05,20,19.0,0.95,14.0,1.36
Mads Pedersen,Augsburg,20,19.0,0.95,7.0,1.43
Dominik Kohr,FSV Mainz 05,19,18.0,0.95,7.0,1.57
Arthur Augusto de Matos Soares,Bayer Leverkusen,41,39.0,0.95,17.0,1.47
Alassane Pléa,Borussia Mönchengladbach,19,18.0,0.95,8.0,0.88
David Raum,RB Leipzig,49,46.0,0.94,16.0,2.31
Julian Brandt,Borussia Dortmund,31,29.0,0.94,10.0,1.0
Julian Chabot,FC Köln,29,27.0,0.93,15.0,1.6
Julian Weigl,Borussia Mönchengladbach,30,28.0,0.93,10.0,1.2
Finn Ole Becker,Hoffenheim,13,12.0,0.92,4.0,1.5
Kevin Paredes,Wolfsburg,13,12.0,0.92,4.0,1.0
Robin Hack,Borussia Mönchengladbach,12,11.0,0.92,5.0,1.2
Jamie Leweling,VfB Stuttgart,13,12.0,0.92,5.0,1.6
Pavao Pervan,Wolfsburg,13,12.0,0.92,11.0,1.0
Kouadio Emmanuel Koné,Borussia Mönchengladbach,13,12.0,0.92,3.0,1.0
Jens Stage,Werder Bremen,12,11.0,0.92,6.0,0.83
Yannick Gerhardt,Wolfsburg,12,11.0,0.92,2.0,1.0
Wout Weghorst,Hoffenheim,11,10.0,0.91,4.0,1.25
Bernardo Fernandes da Silva Junior,Bochum,11,10.0,0.91,5.0,1.2
Maximilian Beier,Hoffenheim,10,9.0,0.9,2.0,1.5
Stefan Bell,FSV Mainz 05,10,9.0,0.9,5.0,1.4
Nicolas Höfler,Freiburg,21,19.0,0.9,7.0,1.43
Kevin Sessa,FC Heidenheim,10,9.0,0.9,4.0,1.0
Mitchell Weiser,Werder Bremen,38,34.0,0.89,16.0,1.5
Jamie Jermaine Bynoe-Gittens,Borussia Dortmund,9,8.0,0.89,3.0,1.0
Hiroki Ito,VfB Stuttgart,19,17.0,0.89,10.0,1.7
Arne Maier,Augsburg,18,16.0,0.89,9.0,1.33
Emir Karic,Darmstadt 98,27,24.0,0.89,10.0,1.8
Kevin Trapp,Eintracht Frankfurt,26,23.0,0.88,17.0,1.18
Jadon Sancho,Borussia Dortmund,8,7.0,0.88,4.0,1.0
Florian Kainz,FC Köln,8,7.0,0.88,5.0,1.0
Leandro Barreiro Martins,FSV Mainz 05,24,21.0,0.88,11.0,0.82
Niklas Dorsch,Augsburg,24,21.0,0.88,9.0,1.22
Denis Huseinbašić,FC Köln,17,15.0,0.88,6.0,1.17
Patrik Schick,Bayer Leverkusen,75,65.0,0.87,21.0,1.29
Bartol Franjić,Darmstadt 98,15,13.0,0.87,2.0,2.0
Omar Haktab Traorè,FC Heidenheim,38,33.0,0.87,16.0,1.63
Serhou Guirassy,VfB Stuttgart,15,13.0,0.87,2.0,0.5
Noah Mbamba,Bayer Leverkusen,7,6.0,0.86,4.0,1.25
Rani Khedira,Union Berlin,7,6.0,0.86,3.0,1.33
Felix Kalu Nmecha,Borussia Dortmund,7,6.0,0.86,2.0,2.0
Edmond Fayçal Tapsoba,Bayer Leverkusen,688,595.0,0.86,360.0,1.19
Gustavo Adolfo Puerta Molano,Bayer Leverkusen,13,11.0,0.85,6.0,1.33
Maximilian Wöber,Borussia Mönchengladbach,20,17.0,0.85,16.0,0.94
Jonathan Tah,Bayer Leverkusen,650,550.0,0.85,345.0,1.2
Senne Lynen,Werder Bremen,26,22.0,0.85,6.0,1.17
Michael Zetterer,Werder Bremen,50,42.0,0.84,30.0,1.3
Nick Woltemade,Werder Bremen,6,5.0,0.83,0.0,
Ozan Muhammed Kabak,Hoffenheim,18,15.0,0.83,12.0,0.92
Arne Engels,Augsburg,6,5.0,0.83,1.0,0.0
Omar Marmoush,Eintracht Frankfurt,12,10.0,0.83,3.0,2.0
Marius Bülter,Hoffenheim,12,10.0,0.83,2.0,2.0
Jae-Sung Lee,FSV Mainz 05,23,19.0,0.83,10.0,1.1
Eric Martel,FC Köln,11,9.0,0.82,2.0,1.5
Amine Adli,Bayer Leverkusen,148,121.0,0.82,45.0,1.16
Grischa Prömel,Hoffenheim,21,17.0,0.81,13.0,1.08
Aurélio Gabriel Ulineia Buta,Eintracht Frankfurt,26,21.0,0.81,7.0,1.14
Thomas Poppler Isherwood,Darmstadt 98,5,4.0,0.8,2.0,2.0
Anthony Losilla,Bochum,20,16.0,0.8,6.0,1.67
Mattias Svanberg,Wolfsburg,5,4.0,0.8,2.0,0.5
Kevin Akpoguma,Hoffenheim,19,15.0,0.79,7.0,1.14
Joseph Scally,Borussia Mönchengladbach,23,18.0,0.78,9.0,1.22
Gerrit Holtmann,Darmstadt 98,9,7.0,0.78,3.0,1.0
Alex Král,Union Berlin,23,18.0,0.78,7.0,1.29
Robert Skov,Hoffenheim,18,14.0,0.78,6.0,2.0
Serge Gnabry,Bayern Munich,9,7.0,0.78,3.0,1.67
Enzo Millot,VfB Stuttgart,35,27.0,0.77,7.0,2.0
Atakan Karazor,VfB Stuttgart,30,23.0,0.77,6.0,1.33
Philipp Lienhart,Freiburg,13,10.0,0.77,8.0,1.25
Silvan Widmer,FSV Mainz 05,13,10.0,0.77,7.0,0.71
Alejandro Grimaldo García,Bayer Leverkusen,793,602.0,0.76,219.0,1.65
Deniz Undav,VfB Stuttgart,21,16.0,0.76,11.0,1.09
Josuha Guilavogui,FSV Mainz 05,8,6.0,0.75,4.0,1.0
Tim Kleindienst,FC Heidenheim,16,12.0,0.75,1.0,1.0
Noussair Mazraoui,Bayern Munich,35,26.0,0.74,8.0,1.88
Josip Stanišić,Bayer Leverkusen,320,237.0,0.74,101.0,1.23
Rasmus Carstensen,FC Köln,23,17.0,0.74,12.0,0.92
Jeremie Frimpong,Bayer Leverkusen,381,282.0,0.74,92.0,1.54
Patrick Osterhage,Bochum,19,14.0,0.74,5.0,0.8
Jeffrey Gouweleeuw,Augsburg,22,16.0,0.73,14.0,0.93
Luca Pfeiffer,Darmstadt 98,15,11.0,0.73,3.0,1.0
Tomáš Koubek,Augsburg,15,11.0,0.73,11.0,1.0
Kevin Kampl,RB Leipzig,11,8.0,0.73,1.0,2.0
Milos Veljkovic,Werder Bremen,43,31.0,0.72,12.0,1.92
Aleksandar Pavlović,Bayern Munich,18,13.0,0.72,6.0,1.0
Julian Ryerson,Borussia Dortmund,29,21.0,0.72,6.0,2.0
Ridle Bote Baku,Wolfsburg,28,20.0,0.71,10.0,0.9
Kevin Vogt,Union Berlin,17,12.0,0.71,10.0,0.8
Dayotchanculle Upamecano,Bayern Munich,41,29.0,0.71,25.0,0.76
Christopher Trimmel,Union Berlin,14,10.0,0.71,5.0,1.6
Robin Gosens,Union Berlin,14,10.0,0.71,6.0,0.67
Merlin Röhl,Freiburg,7,5.0,0.71,2.0,1.5
Marco Friedl,Werder Bremen,14,10.0,0.71,5.0,1.0
Matěj Kovář,Bayer Leverkusen,10,7.0,0.7,7.0,1.0
Willi Orban,RB Leipzig,23,16.0,0.7,8.0,1.5
Andrej Kramarić,Hoffenheim,10,7.0,0.7,3.0,0.67
Nathan Tella,Bayer Leverkusen,120,83.0,0.69,34.0,1.68
Min Jae Kim,Bayern Munich,39,27.0,0.69,18.0,1.22
Tom Krauß,FSV Mainz 05,6,4.0,0.67,2.0,0.5
Tomáš Čvančara,Borussia Mönchengladbach,6,4.0,0.67,2.0,1.0
Adrian Beck,FC Heidenheim,12,8.0,0.67,6.0,1.0
Leonidas Stergiou,VfB Stuttgart,15,10.0,0.67,8.0,1.25
Ikoma Loïs Openda,RB Leipzig,15,10.0,0.67,2.0,1.0
Kevin Stöger,Bochum,15,10.0,0.67,4.0,0.5
Marco Reus,Borussia Dortmund,6,4.0,0.67,1.0,2.0
Frederik Rønnow,Union Berlin,32,21.0,0.66,23.0,0.78
Odilon Kossonou,Bayer Leverkusen,483,321.0,0.66,190.0,0.91
Timo Hübers,FC Köln,23,15.0,0.65,15.0,0.93
Christian Groß,Werder Bremen,20,13.0,0.65,11.0,1.0
Florian Grillitsch,Hoffenheim,17,11.0,0.65,6.0,1.17
Maximilian Mittelstädt,VfB Stuttgart,55,35.0,0.64,17.0,1.41
Diogo Filipe Monteiro Pinto Leite,Union Berlin,22,14.0,0.64,9.0,0.89
Mert Kömür,Augsburg,8,5.0,0.63,3.0,0.33
Jérôme Roussillon,Union Berlin,8,5.0,0.63,3.0,1.33
András Schäfer,Union Berlin,8,5.0,0.63,1.0,0.0
Marvin Schwäbe,FC Köln,34,21.0,0.62,26.0,0.73
Waldemar Anton,VfB Stuttgart,47,29.0,0.62,23.0,0.74
Sven Ulreich,Bayern Munich,13,8.0,0.62,10.0,0.7
Moritz Jenz,Wolfsburg,21,13.0,0.62,11.0,0.91
Kiliann Sildillia,Freiburg,33,20.0,0.61,13.0,0.92
Janis Blaswich,RB Leipzig,36,22.0,0.61,24.0,0.88
Benno Schmitz,FC Köln,5,3.0,0.6,1.0,1.0
Patrick Mainka,FC Heidenheim,30,18.0,0.6,20.0,0.7
Willian Joel Pacho Tenorio,Eintracht Frankfurt,42,25.0,0.6,22.0,1.05
Tim Siersleben,FC Heidenheim,15,9.0,0.6,7.0,1.0
David Jurásek,Hoffenheim,15,9.0,0.6,9.0,0.67
Marvin Pieringer,FC Heidenheim,5,3.0,0.6,3.0,0.67
Cristian Gamboa Luna,Bochum,15,9.0,0.6,4.0,1.0
Sebastiaan Bornauw,Wolfsburg,10,6.0,0.6,5.0,1.0
Jonas Föhrenbach,FC Heidenheim,32,19.0,0.59,16.0,0.88
Noah Atubolu,Freiburg,32,19.0,0.59,24.0,0.71
Iago Amaral Borduchi,Augsburg,22,13.0,0.59,7.0,0.86
Kevin Müller,FC Heidenheim,31,18.0,0.58,21.0,0.76
Marcel Sabitzer,Borussia Dortmund,12,7.0,0.58,7.0,0.71
Tim Breithaupt,Augsburg,7,4.0,0.57,3.0,1.0
Robin Koch,Eintracht Frankfurt,23,13.0,0.57,9.0,0.89
Karim Onisiwo,FSV Mainz 05,7,4.0,0.57,2.0,2.0
Piero Martín Hincapié Reyna,Bayer Leverkusen,443,246.0,0.56,165.0,0.84
Felix Agu,Werder Bremen,18,10.0,0.56,5.0,1.2
Eric Junior Dina Ebimbe,Eintracht Frankfurt,9,5.0,0.56,2.0,0.5
Tim Oermann,Bochum,9,5.0,0.56,5.0,0.6
Pavel Kadeřábek,Hoffenheim,11,6.0,0.55,4.0,0.75
Gregor Kobel,Borussia Dortmund,40,22.0,0.55,27.0,0.74
Felix Uduokhai,Augsburg,20,11.0,0.55,9.0,1.0
Maxence Lacroix,Wolfsburg,26,14.0,0.54,13.0,0.77
Manuel Gulde,Freiburg,17,9.0,0.53,11.0,0.64
Olivier Deman,Werder Bremen,17,9.0,0.53,3.0,1.33
Danilo Teodoro Soares,Bochum,6,3.0,0.5,0.0,
Eren Sami Dinkçi,FC Heidenheim,10,5.0,0.5,4.0,0.75
Matthias Ginter,Freiburg,20,10.0,0.5,12.0,0.67
Lukáš Hrádecký,Bayer Leverkusen,379,183.0,0.48,282.0,0.62
Jonas Omlin,Borussia Mönchengladbach,21,10.0,0.48,9.0,1.11
Lucas Silva Melo,Eintracht Frankfurt,40,19.0,0.48,13.0,0.92
Tim Drexler,Hoffenheim,15,7.0,0.47,8.0,0.5
Ermedin Demirović,Augsburg,11,5.0,0.45,5.0,0.6
Alexander Nübel,VfB Stuttgart,55,25.0,0.45,37.0,0.62
Lennard Maloney,FC Heidenheim,16,7.0,0.44,3.0,0.67
Florian Pick,FC Heidenheim,9,4.0,0.44,2.0,1.0
Ko Itakura,Borussia Mönchengladbach,14,6.0,0.43,4.0,1.0
Danny Vieira da Costa,FSV Mainz 05,7,3.0,0.43,2.0,1.5
Joakim Mæhle,Wolfsburg,12,5.0,0.42,1.0,0.0
Aymen Barkok,FSV Mainz 05,5,2.0,0.4,1.0,1.0
Kevin Mbabu,Augsburg,5,2.0,0.4,3.0,0.67
Nico Elvedi,Borussia Mönchengladbach,5,2.0,0.4,2.0,1.0
Rafael Santos Borré Amaury,Werder Bremen,8,3.0,0.38,1.0,1.0
Konrad Laimer,Bayern Munich,13,5.0,0.38,4.0,0.5
Brenden Aaronson,Union Berlin,8,3.0,0.38,2.0,0.5
Julián Malatini,Werder Bremen,17,6.0,0.35,4.0,0.25
Christoph Klarer,Darmstadt 98,6,2.0,0.33,2.0,1.0
Felix Passlack,Bochum,6,2.0,0.33,2.0,0.5
Alphonso Davies,Bayern Munich,22,7.0,0.32,5.0,1.2
Matej Maglica,Darmstadt 98,10,3.0,0.3,5.0,0.4
Josha Mamadou Karaboue Vagnoman,VfB Stuttgart,22,5.0,0.23,2.0,1.0
Marvin Friedrich,Borussia Mönchengladbach,23,5.0,0.22,8.0,0.38
Manuel Neuer,Bayern Munich,14,3.0,0.21,8.0,0.38
Hrvoje Smolčić,Eintracht Frankfurt,5,1.0,0.2,3.0,0.33
Maximilian Eggestein,Freiburg,5,1.0,0.2,3.0,0.33
Sacha Boey,Bayern Munich,17,3.0,0.18,4.0,0.25
Iván Garrido González,Goa,791,0.0,0.0,340.0,0.0
Achraf Hakimi Mouh,Paris Saint-Germain,2334,0.0,0.0,334.0,0.0
Juan Bernat Velasco,Paris Saint-Germain,1337,0.0,0.0,188.0,0.0
Pratik Prabhakar Chaudhari,Bengaluru,383,0.0,0.0,140.0,0.0
Gaurav Bora,Odisha,279,0.0,0.0,94.0,0.0
Mathias Autret,Auxerre,33,0.0,0.0,8.0,0.0
Liridon Krasniqi,Odisha,357,0.0,0.0,118.0,0.0
Mirlan Murzaev,Chennaiyin,207,0.0,0.0,68.0,0.0
Albino Gomes,Kerala Blasters,49,0.0,0.0,39.0,0.0
Greg Stewart,Jamshedpur,602,0.0,0.0,240.0,0.0
Sandesh Jhingan,ATK Mohun Bagan,318,0.0,0.0,114.0,0.0
Héctor Rodas Ramírez,Odisha,307,0.0,0.0,135.0,0.0
Vishal Kaith,Chennaiyin,161,0.0,0.0,112.0,0.0
Dante Bonfim da Costa Santos,OGC Nice,210,0.0,0.0,77.0,0.0
Wahengbam Angousana Luwang,East Bengal,264,0.0,0.0,71.0,0.0
Cengiz Ünder,Marseille,66,0.0,0.0,15.0,0.0
Benjamin Bourigeaud,Rennes,115,0.0,0.0,36.0,0.0
Liston Colaco,ATK Mohun Bagan,417,0.0,0.0,88.0,0.0
Himad Abdelli,Angers,123,0.0,0.0,35.0,0.0
Rasmus Nicolaisen,Toulouse,43,0.0,0.0,14.0,0.0
Khassa Camara,NorthEast United,250,0.0,0.0,85.0,0.0
Nelson Sissoko,Saint-Étienne,8,0.0,0.0,3.0,0.0
Federico Gallego Revetria,NorthEast United,10,0.0,0.0,4.0,0.0
Khassa Camara,Hyderabad,103,0.0,0.0,33.0,0.0
Nathanaël Mbuku,Stade de Reims,21,0.0,0.0,2.0,0.0
Martin Terrier,Rennes,47,0.0,0.0,7.0,0.0
Jason Berthomier,Clermont Foot,28,0.0,0.0,5.0,0.0
Kasper Schmeichel,OGC Nice,41,0.0,0.0,25.0,0.0
Moreto Moro Cassamã,Stade de Reims,43,0.0,0.0,11.0,0.0
Armand Lauriente,Lorient,29,0.0,0.0,6.0,0.0
Alfred Benjamin Gomis,Rennes,19,0.0,0.0,16.0,0.0
Boubakar Kouyate,Montpellier,32,0.0,0.0,16.0,0.0
Amine Harit,Marseille,68,0.0,0.0,14.0,0.0
Damaitphang Lyngdoh,Bengaluru,29,0.0,0.0,3.0,0.0
Clément Vidal,AC Ajaccio,22,0.0,0.0,11.0,0.0
Yehvann Diouf,Stade de Reims,19,0.0,0.0,14.0,0.0
Konrad De La Fuente,Marseille,8,0.0,0.0,1.0,0.0
Théo Sainte-Luce,Montpellier,41,0.0,0.0,7.0,0.0
Arnaud Kalimuendo Muinga,Rennes,31,0.0,0.0,3.0,0.0
Enzo Gianni Tchato Mbiayi,Montpellier,38,0.0,0.0,7.0,0.0
Deven Sawhney,Odisha,13,0.0,0.0,4.0,0.0
Rémi Oudin,Bordeaux,27,0.0,0.0,6.0,0.0
Fabien Lemoine,Lorient,14,0.0,0.0,3.0,0.0
Ibrahima Koné,Lorient,16,0.0,0.0,1.0,0.0
Walter Daniel Benítez,OGC Nice,38,0.0,0.0,25.0,0.0
Terem Igobor Moffi,OGC Nice,10,0.0,0.0,3.0,0.0
Karl Brillant Toko Ekambi,Rennes,18,0.0,0.0,2.0,0.0
Mounaim El Idrissy,AC Ajaccio,22,0.0,0.0,4.0,0.0
Pape Gueye,Marseille,70,0.0,0.0,15.0,0.0
Khéphren Thuram-Ulien,OGC Nice,120,0.0,0.0,26.0,0.0
Mohammed Irshad,NorthEast United,205,0.0,0.0,59.0,0.0
Devendra Dhaku Murgaokar,Goa,153,0.0,0.0,29.0,0.0
Ariel Borysiuk,Chennaiyin,464,0.0,0.0,185.0,0.0
Marco Sahanek,NorthEast United,147,0.0,0.0,37.0,0.0
Moirangthem Thoiba Singh,Odisha,301,0.0,0.0,108.0,0.0
Mohamed Youcef Belaïli,AC Ajaccio,34,0.0,0.0,13.0,0.0
Iman Basafa,Bengaluru,99,0.0,0.0,15.0,0.0
Sunil Chhetri,Bengaluru,324,0.0,0.0,69.0,0.0
Yroundu Musavu-King,Bengaluru,112,0.0,0.0,42.0,0.0
Arindam Bhattacharja,East Bengal,134,0.0,0.0,114.0,0.0
Narayan Das,Chennaiyin,613,0.0,0.0,278.0,0.0
Mohammad Yasir,Hyderabad,170,0.0,0.0,52.0,0.0
Benoît Badiashile Mukinayi,AS Monaco,28,0.0,0.0,10.0,0.0
Pablo Paulino Rosario,OGC Nice,100,0.0,0.0,27.0,0.0
Yan Valery,Angers,47,0.0,0.0,15.0,0.0
Bradden Inman,Mumbai City,160,0.0,0.0,42.0,0.0
Vincy Barretto,Kerala Blasters,73,0.0,0.0,12.0,0.0
Brandon Fernandes,Goa,227,0.0,0.0,62.0,0.0
Vikram Pratap Singh,Mumbai City,75,0.0,0.0,16.0,0.0
Serhou Guirassy,Rennes,14,0.0,0.0,1.0,0.0
Yasser Larouci,Troyes,35,0.0,0.0,3.0,0.0
Johan Gastien,Clermont Foot,220,0.0,0.0,63.0,0.0
Redeem Tlang,Goa,16,0.0,0.0,3.0,0.0
Mathias Pereira Lage,Stade Brestois,8,0.0,0.0,2.0,0.0
Boubacar Kamara,Marseille,133,0.0,0.0,25.0,0.0
Dion Lopy,Stade de Reims,57,0.0,0.0,12.0,0.0
Arnaud Souquet,Montpellier,25,0.0,0.0,3.0,0.0
Luan Peres Petroni,Marseille,88,0.0,0.0,26.0,0.0
Lovro Majer,Rennes,64,0.0,0.0,17.0,0.0
Timothée Kolodziejczak,Saint-Étienne,53,0.0,0.0,20.0,0.0
Naveen Kumar,Goa,78,0.0,0.0,44.0,0.0
Brison Deuben Fernandes,Goa,8,0.0,0.0,1.0,0.0
Jean Emile Junior Onana Onana,Bordeaux,37,0.0,0.0,9.0,0.0
Kamaldeen Sulemana,Rennes,26,0.0,0.0,9.0,0.0
Stijn Spierings,Toulouse,97,0.0,0.0,32.0,0.0
Gaëtan Laborde,OGC Nice,13,0.0,0.0,1.0,0.0
Christopher Wooh,Lens,34,0.0,0.0,9.0,0.0
Mohamed Ali,Goa,120,0.0,0.0,38.0,0.0
Pierrick Capelle,Angers,21,0.0,0.0,2.0,0.0
Grejohn Kyei,Clermont Foot,26,0.0,0.0,1.0,0.0
Islam Slimani,Stade Brestois,27,0.0,0.0,2.0,0.0
Denis Bouanga,Saint-Étienne,26,0.0,0.0,2.0,0.0
Gedeon Kalulu Kyatengwa,Lorient,32,0.0,0.0,4.0,0.0
Thierno Balde,Troyes,25,0.0,0.0,7.0,0.0
Yacine Adli,Bordeaux,26,0.0,0.0,8.0,0.0
Eliot Matazo,AS Monaco,14,0.0,0.0,1.0,0.0
Abdoul Bamo Meité,Lorient,39,0.0,0.0,16.0,0.0
Angelo Fulgini,Lens,25,0.0,0.0,9.0,0.0
Samuel Gigot,Marseille,20,0.0,0.0,10.0,0.0
Matheus Soares Thuler,Montpellier,12,0.0,0.0,5.0,0.0
Amadou Onana,Lille,52,0.0,0.0,14.0,0.0
Ismaily Gonçalves dos Santos,Lille,48,0.0,0.0,9.0,0.0
Keisham Reagan Singh,Chennaiyin,436,0.0,0.0,188.0,0.0
Justin Kluivert,OGC Nice,40,0.0,0.0,10.0,0.0
Jeakson Singh Thaunaojam,Kerala Blasters,558,0.0,0.0,164.0,0.0
Cyrille Bayala,AC Ajaccio,16,0.0,0.0,4.0,0.0
Wungngayam Muirang,Bengaluru,79,0.0,0.0,33.0,0.0
Seko Fofana,Lens,175,0.0,0.0,22.0,0.0
Nerijus Valskis,Chennaiyin,129,0.0,0.0,22.0,0.0
Souvik Chakrabarti,Hyderabad,294,0.0,0.0,75.0,0.0
Vinit Rai Chamling,Odisha,251,0.0,0.0,87.0,0.0
Rohit Danu,Hyderabad,146,0.0,0.0,26.0,0.0
Hitesh Sharma,Hyderabad,265,0.0,0.0,77.0,0.0
Vladimir Koman Jr.,Chennaiyin,736,0.0,0.0,219.0,0.0
Mashoor Shereef Thangalakath,NorthEast United,258,0.0,0.0,117.0,0.0
Mirshad Koottappunna,NorthEast United,154,0.0,0.0,124.0,0.0
Souleymane Isaak Toure,Auxerre,48,0.0,0.0,20.0,0.0
Makan Winkle Chote,Goa,205,0.0,0.0,45.0,0.0
Hernán Daniel Santana Trujillo,NorthEast United,640,0.0,0.0,247.0,0.0
Lallianzuala Chhangte,Mumbai City,138,0.0,0.0,18.0,0.0
Jean Emile Junior Onana Onana,Lens,23,0.0,0.0,5.0,0.0
Phurba Tempa Lachenpa,Mumbai City,75,0.0,0.0,41.0,0.0
Adrien Hunou,Angers,61,0.0,0.0,10.0,0.0
Mahdi Camara,Saint-Étienne,53,0.0,0.0,11.0,0.0
Naorem Mahesh Singh,East Bengal,263,0.0,0.0,76.0,0.0
Songpu Singsit,East Bengal,8,0.0,0.0,4.0,0.0
Nim Dorjee Tamang,Hyderabad,232,0.0,0.0,82.0,0.0
Gurkirat Singh,Mumbai City,16,0.0,0.0,4.0,0.0
Igor Silva de Almeida,Lorient,5,0.0,0.0,0.0,
Erik Palmer-Brown,Troyes,38,0.0,0.0,14.0,0.0
Vincent Marchetti,AC Ajaccio,52,0.0,0.0,15.0,0.0
Kamory Doumbia,Stade de Reims,10,0.0,0.0,3.0,0.0
Pape Matar Sarr,Metz,27,0.0,0.0,10.0,0.0
Michael Soosairaj,ATK Mohun Bagan,16,0.0,0.0,4.0,0.0
Provat Lakra,NorthEast United,366,0.0,0.0,146.0,0.0
Jean-Clair Todibo,OGC Nice,107,0.0,0.0,31.0,0.0
Flavien Tait,Rennes,34,0.0,0.0,11.0,0.0
Jean-Claude Billong,Clermont Foot,20,0.0,0.0,8.0,0.0
Jestin George,NorthEast United,49,0.0,0.0,22.0,0.0
Abdu Conté,Troyes,69,0.0,0.0,19.0,0.0
Jaouen Hadjam,Nantes,22,0.0,0.0,6.0,0.0
Ross Barkley,OGC Nice,30,0.0,0.0,5.0,0.0
Romain Hamouma,AC Ajaccio,14,0.0,0.0,3.0,0.0
Florent Mollet,Montpellier,22,0.0,0.0,3.0,0.0
Kamaljit Singh,Odisha,187,0.0,0.0,122.0,0.0
Sead Kolašinac,Marseille,31,0.0,0.0,6.0,0.0
Paul Bernardoni,Angers,24,0.0,0.0,11.0,0.0
Mathis Rayan Cherki,Lyon,45,0.0,0.0,7.0,0.0
Ousmane Camara,Angers,29,0.0,0.0,9.0,0.0
Dango Aboubacar Faissal Ouattara,Lorient,20,0.0,0.0,4.0,0.0
Issiaga Sylla,Toulouse,14,0.0,0.0,2.0,0.0
François-Joseph Sollacaro,AC Ajaccio,15,0.0,0.0,9.0,0.0
Rowllin Borges,Mumbai City,26,0.0,0.0,5.0,0.0
William Saliba,Marseille,129,0.0,0.0,40.0,0.0
Giulian Biancone,Troyes,25,0.0,0.0,4.0,0.0
Diego Maurício Machado de Brito,Mumbai City,31,0.0,0.0,6.0,0.0
Samik Mitra,Chennaiyin,16,0.0,0.0,13.0,0.0
Ayman Kari,Lorient,26,0.0,0.0,3.0,0.0
Jere Juhani Uronen,Stade Brestois,8,0.0,0.0,2.0,0.0
Jérémy Le Douaron,Stade Brestois,5,0.0,0.0,0.0,
Etienne Green,Saint-Étienne,20,0.0,0.0,13.0,0.0
Arthur Theate,Rennes,94,0.0,0.0,38.0,0.0
Presnel Kimpembe,Paris Saint-Germain,1807,0.0,0.0,560.0,0.0
Gianluigi Donnarumma,Paris Saint-Germain,999,0.0,0.0,443.0,0.0
Prince Vinny Ibara Doniama,Bengaluru,179,0.0,0.0,32.0,0.0
Gauthier Hein,Auxerre,44,0.0,0.0,13.0,0.0
Ludovic Blas,Nantes,132,0.0,0.0,29.0,0.0
Serigne Mourtada Fall,Mumbai City,750,0.0,0.0,314.0,0.0
Fabien Centonze,Nantes,36,0.0,0.0,13.0,0.0
Angel Gomes,Lille,118,0.0,0.0,24.0,0.0
Roy Krishna,ATK Mohun Bagan,229,0.0,0.0,63.0,0.0
Łukasz Gikiewicz,Chennaiyin,188,0.0,0.0,31.0,0.0
Ángel Fabián Di María Hernández,Paris Saint-Germain,766,0.0,0.0,166.0,0.0
Bartholomew Owogbalor Ogbeche,Hyderabad,306,0.0,0.0,91.0,0.0
Joyner Lourenco,East Bengal,187,0.0,0.0,67.0,0.0
Joni Ensio Kauko,ATK Mohun Bagan,537,0.0,0.0,188.0,0.0
Lesley Chimuanya Ugochukwu,Rennes,64,0.0,0.0,19.0,0.0
Imran Khan,NorthEast United,327,0.0,0.0,100.0,0.0
Jean-Kevin Duverne,Stade Brestois,81,0.0,0.0,25.0,0.0
Jitendra Singh,Jamshedpur,327,0.0,0.0,82.0,0.0
Arial Benabent Mendy,Clermont Foot,34,0.0,0.0,5.0,0.0
Ado Onaiwu,Toulouse,11,0.0,0.0,2.0,0.0
Warren Zaire Emery,Paris Saint-Germain,457,0.0,0.0,52.0,0.0
Aaron Ramsey,OGC Nice,118,0.0,0.0,34.0,0.0
Sofiane Diop,OGC Nice,57,0.0,0.0,7.0,0.0
Nanitamo Jonathan Ikoné,Lille,26,0.0,0.0,6.0,0.0
Thiago Henrique Mendes Ribeiro,Lyon,77,0.0,0.0,27.0,0.0
Christ-Emmanuel Faitout Maouassa,Montpellier,30,0.0,0.0,3.0,0.0
Jonathan Clauss,Marseille,63,0.0,0.0,16.0,0.0
Burak Yılmaz,Lille,22,0.0,0.0,5.0,0.0
Waniss Taibi,Angers,5,0.0,0.0,1.0,0.0
Mauro Emanuel Icardi Rivero,Paris Saint-Germain,43,0.0,0.0,7.0,0.0
Mohamed Camara,AS Monaco,28,0.0,0.0,8.0,0.0
Jérôme Boateng,Lyon,20,0.0,0.0,3.0,0.0
Duje Ćaleta-Car,Marseille,101,0.0,0.0,35.0,0.0
Manvir Singh,NorthEast United,15,0.0,0.0,1.0,0.0
Alban Lafont,Nantes,69,0.0,0.0,52.0,0.0
Moussa Sissoko,Nantes,28,0.0,0.0,5.0,0.0
Sambou Soumano,Lorient,5,0.0,0.0,0.0,
Pierre Lees Melou,Stade Brestois,76,0.0,0.0,27.0,0.0
Emerson Palmieri dos Santos,Lyon,43,0.0,0.0,9.0,0.0
Lucas Gourna-Douath,Saint-Étienne,30,0.0,0.0,6.0,0.0
Jackson Gabriel Porozo Vernaza,Troyes,16,0.0,0.0,4.0,0.0
Gaël Kakuta,Lens,10,0.0,0.0,6.0,0.0
Cheick Oumar Doucoure,Lens,87,0.0,0.0,32.0,0.0
Cédric Hountondji,Angers,57,0.0,0.0,20.0,0.0
Romain Hamouma,Saint-Étienne,17,0.0,0.0,5.0,0.0
Ivo Grbić,Lille,32,0.0,0.0,12.0,0.0
Raynier Fernandes,Mumbai City,218,0.0,0.0,51.0,0.0
Subhasish Roy Chowdhury,NorthEast United,146,0.0,0.0,102.0,0.0
Valentin Rongier,Marseille,221,0.0,0.0,56.0,0.0
Chancel Mbemba Mangulu,Marseille,53,0.0,0.0,21.0,0.0
Darlin Zidane Yongwa Ngameni,Lorient,36,0.0,0.0,4.0,0.0
Rahul Bheke,Mumbai City,756,0.0,0.0,313.0,0.0
Youcef Atal,OGC Nice,18,0.0,0.0,2.0,0.0
Yvann Macon,Saint-Étienne,19,0.0,0.0,4.0,0.0
Danilo Luís Hélio Pereira,Paris Saint-Germain,2619,0.0,0.0,722.0,0.0
Sergio Ramos García,Paris Saint-Germain,2615,0.0,0.0,941.0,0.0
Birama Touré,Auxerre,90,0.0,0.0,20.0,0.0
Narender Gahlot,Jamshedpur,118,0.0,0.0,49.0,0.0
Gaëtan Perrin,Auxerre,12,0.0,0.0,2.0,0.0
Ikoma Loïs Openda,Lens,7,0.0,0.0,2.0,0.0
Jens-Lys Michel Cajuste,Stade de Reims,72,0.0,0.0,15.0,0.0
Nikhil Poojary,Hyderabad,249,0.0,0.0,86.0,0.0
Laldinliana Renthlei,Jamshedpur,575,0.0,0.0,249.0,0.0
Pritam Kotal,ATK Mohun Bagan,859,0.0,0.0,316.0,0.0
Gideon Mensah,Bordeaux,16,0.0,0.0,2.0,0.0
Mouhamadou Diarra,Strasbourg,34,0.0,0.0,4.0,0.0
Lalhmangaihsanga Ralte,Goa,58,0.0,0.0,17.0,0.0
Salis Abdul Samed,Lens,17,0.0,0.0,3.0,0.0
Ryad Boudebouz,Saint-Étienne,89,0.0,0.0,25.0,0.0
Oumar Gonzalez,AC Ajaccio,17,0.0,0.0,6.0,0.0
José Luis Espinosa Arroyo,ATK Mohun Bagan,794,0.0,0.0,386.0,0.0
Georginio Wijnaldum,Paris Saint-Germain,356,0.0,0.0,64.0,0.0
Yendrembam Denechandra Meitei,Kerala Blasters,20,0.0,0.0,8.0,0.0
Steve Mandanda,Rennes,62,0.0,0.0,39.0,0.0
Morgan Sanson,Strasbourg,42,0.0,0.0,14.0,0.0
Alexsandro Victor de Souza Ribeiro,Lille,42,0.0,0.0,16.0,0.0
Lalruatthara Lalruatthara,Odisha,296,0.0,0.0,103.0,0.0
Subhasish Bose,ATK Mohun Bagan,741,0.0,0.0,232.0,0.0
Alexis Alejandro Sánchez Sánchez,Marseille,37,0.0,0.0,12.0,0.0
Justin-Noël Kalumba Mwana Ngongo,Angers,31,0.0,0.0,5.0,0.0
Stian Rode Gregersen,Bordeaux,27,0.0,0.0,9.0,0.0
Marcelo Ribeiro dos Santos,East Bengal,65,0.0,0.0,7.0,0.0
Ignatius Kpene Ganago,Nantes,15,0.0,0.0,2.0,0.0
Eduardo García Martín,Hyderabad,213,0.0,0.0,86.0,0.0
Dheeraj Singh Moirangthem,Goa,270,0.0,0.0,146.0,0.0
Deepak Devrani,Chennaiyin,109,0.0,0.0,45.0,0.0
Abhishek Dhananjay Suryavanshi,ATK Mohun Bagan,17,0.0,0.0,6.0,0.0
Amine Salama,Angers,9,0.0,0.0,4.0,0.0
Christophe Hérelle,Stade Brestois,20,0.0,0.0,5.0,0.0
Colin Dagba,Paris Saint-Germain,9,0.0,0.0,1.0,0.0
Jessy Moulin,Troyes,22,0.0,0.0,13.0,0.0
Dimitry Bertaud,Montpellier,17,0.0,0.0,8.0,0.0
Sahil Panwar,Odisha,394,0.0,0.0,134.0,0.0
Cheikh Ahmadou Bamba Mbacke Dieng,Lorient,9,0.0,0.0,1.0,0.0
Jonas Martin,Lille,35,0.0,0.0,9.0,0.0
Javairô Dilrosun,Bordeaux,6,0.0,0.0,2.0,0.0
Boris Singh Thangjam,Jamshedpur,181,0.0,0.0,52.0,0.0
Mamadou Sakho,Montpellier,6,0.0,0.0,1.0,0.0
Alexis Beka Beka,OGC Nice,6,0.0,0.0,2.0,0.0
Paul Ramfangzauva,Odisha,150,0.0,0.0,35.0,0.0
Quentin Boisgard,Lorient,6,0.0,0.0,0.0,
Marcos Aoás Corrêa,Paris Saint-Germain,3253,0.0,0.0,967.0,0.0
Keylor Navas Gamboa,Paris Saint-Germain,308,0.0,0.0,165.0,0.0
Marco Verratti,Paris Saint-Germain,3489,0.0,0.0,809.0,0.0
Mateusz Wieteska,Clermont Foot,74,0.0,0.0,30.0,0.0
Carlos Soler Barragán,Paris Saint-Germain,434,0.0,0.0,68.0,0.0
Ajay Chhetri,Bengaluru,116,0.0,0.0,43.0,0.0
Flavius Daniliuc,OGC Nice,47,0.0,0.0,15.0,0.0
Lara Sharma,Bengaluru,86,0.0,0.0,55.0,0.0
Raju Eknath Gaikwad,East Bengal,200,0.0,0.0,78.0,0.0
Prabhushkan Singh Gill,Kerala Blasters,226,0.0,0.0,157.0,0.0
Jonathan Bamba,Lille,152,0.0,0.0,27.0,0.0
Suresh Singh Wangjam,Bengaluru,428,0.0,0.0,109.0,0.0
Zakaria Diallo,NorthEast United,246,0.0,0.0,133.0,0.0
Adrien Truffert,Rennes,47,0.0,0.0,12.0,0.0
Gerson Santos da Silva,Marseille,48,0.0,0.0,3.0,0.0
Jim Allevinah,Clermont Foot,44,0.0,0.0,7.0,0.0
Akim Zedadka,Clermont Foot,41,0.0,0.0,8.0,0.0
Jean-Ricner Bellegarde,Strasbourg,85,0.0,0.0,25.0,0.0
Darren Sidoel,East Bengal,195,0.0,0.0,70.0,0.0
Dimitri Liénard,Strasbourg,57,0.0,0.0,11.0,0.0
Francisco Javier Hernández González,Odisha,392,0.0,0.0,123.0,0.0
Gurpreet Singh Sandhu,Bengaluru,313,0.0,0.0,197.0,0.0
Mohammad Mobashir Rahman,Jamshedpur,145,0.0,0.0,38.0,0.0
Anthony Rouault,Toulouse,68,0.0,0.0,20.0,0.0
Amarjit Singh Kiyam Singh,East Bengal,258,0.0,0.0,66.0,0.0
Rémy Cabella,Lille,41,0.0,0.0,10.0,0.0
Maxence Caqueret,Lyon,113,0.0,0.0,30.0,0.0
Noah Fadiga,Stade Brestois,43,0.0,0.0,12.0,0.0
Maghnes Akliouche,AS Monaco,13,0.0,0.0,4.0,0.0
Moussa Diarra,Toulouse,74,0.0,0.0,29.0,0.0
Nicolas Pallois,Nantes,72,0.0,0.0,32.0,0.0
Alidu Seidu,Clermont Foot,88,0.0,0.0,16.0,0.0
Jonas Martin,Rennes,86,0.0,0.0,26.0,0.0
Manvir Singh,ATK Mohun Bagan,426,0.0,0.0,84.0,0.0
Tomislav Mrčela,East Bengal,159,0.0,0.0,76.0,0.0
Chencho Gyeltshen,Kerala Blasters,71,0.0,0.0,16.0,0.0
Jordan Veretout,Marseille,116,0.0,0.0,34.0,0.0
Quentin Merlin,Nantes,64,0.0,0.0,21.0,0.0
Timothee Pembele,Paris Saint-Germain,45,0.0,0.0,3.0,0.0
Mohamed Bayo,Clermont Foot,15,0.0,0.0,2.0,0.0
Wilson Odobert,Troyes,17,0.0,0.0,4.0,0.0
Samuel Moutoussamy,Nantes,136,0.0,0.0,30.0,0.0
Adrien Thomasson,Lens,19,0.0,0.0,3.0,0.0
Salam Ranjan Singh,Chennaiyin,75,0.0,0.0,26.0,0.0
Bevic Moussiti-Oko,AC Ajaccio,6,0.0,0.0,0.0,
Moritz Jenz,Lorient,5,0.0,0.0,0.0,
Thomas Mangani,AC Ajaccio,31,0.0,0.0,4.0,0.0
Jonas Omlin,Montpellier,28,0.0,0.0,15.0,0.0
Rohit Kumar,Bengaluru,76,0.0,0.0,17.0,0.0
Salomon Junior Sambia,Montpellier,10,0.0,0.0,3.0,0.0
Zakaria Aboukhlal,Toulouse,21,0.0,0.0,2.0,0.0
Ui-Jo Hwang,Bordeaux,14,0.0,0.0,1.0,0.0
Alexandre Letellier,Paris Saint-Germain,7,0.0,0.0,4.0,0.0
Matthieu Dreyer,Lorient,11,0.0,0.0,8.0,0.0
Amine Gouiri,Rennes,35,0.0,0.0,3.0,0.0
Bruno Edgar Silva Almeida,Bengaluru,724,0.0,0.0,264.0,0.0
Jonathan Clauss,Lens,51,0.0,0.0,12.0,0.0
Vincent Le Goff,Lorient,133,0.0,0.0,48.0,0.0
Boubakar Kouyate,Metz,15,0.0,0.0,8.0,0.0
Jackichand Singh,East Bengal,21,0.0,0.0,4.0,0.0
Sebastian Thangmuansang,Odisha,76,0.0,0.0,24.0,0.0
Lionel Andrés Messi Cuccittini,Paris Saint-Germain,3066,0.0,0.0,878.0,0.0
Gaëtan Laborde,Rennes,25,0.0,0.0,7.0,0.0
Sankar Roy,East Bengal,90,0.0,0.0,70.0,0.0
Hamari Traoré,Rennes,89,0.0,0.0,31.0,0.0
Valère Germain,Montpellier,26,0.0,0.0,3.0,0.0
Marshall Nyasha Munetsi,Stade de Reims,54,0.0,0.0,13.0,0.0
Baptiste Santamaría,Rennes,33,0.0,0.0,12.0,0.0
Moirangthem Givson Singh,Kerala Blasters,24,0.0,0.0,6.0,0.0
Neymar da Silva Santos Junior,Paris Saint-Germain,1722,0.0,0.0,406.0,0.0
Moussa Dembélé,Lyon,14,0.0,0.0,4.0,0.0
Akim Zedadka,Auxerre,33,0.0,0.0,5.0,0.0
Alberth Josué Elis Martínez,Bordeaux,8,0.0,0.0,2.0,0.0
Muhammed Cham Saracevic,Clermont Foot,70,0.0,0.0,15.0,0.0
Jayesh Dilip Rane,Bengaluru,117,0.0,0.0,29.0,0.0
Dejan Lovren,Lyon,29,0.0,0.0,6.0,0.0
Airam López Cabrera,Goa,180,0.0,0.0,62.0,0.0
Sael Kumbedi Nseke,Lyon,30,0.0,0.0,6.0,0.0
Lucas Da Cunha,Clermont Foot,9,0.0,0.0,1.0,0.0
Thongkhosiem Haokip,East Bengal,80,0.0,0.0,17.0,0.0
Nicolas Louis Marcel Cozza,Montpellier,62,0.0,0.0,18.0,0.0
Joel Joseph Chianese,Hyderabad,286,0.0,0.0,88.0,0.0
Miha Blažič,Angers,30,0.0,0.0,14.0,0.0
Sivasakthi Narayanan,Bengaluru,13,0.0,0.0,4.0,0.0
Ike Ugbo,Troyes,11,0.0,0.0,0.0,
Renato Júnior Luz Sanches,Paris Saint-Germain,587,0.0,0.0,121.0,0.0
Carl Gerard McHugh,ATK Mohun Bagan,702,0.0,0.0,243.0,0.0
Pedro Chirivella Burgos,Nantes,201,0.0,0.0,60.0,0.0
Igor Angulo Albóniga,Mumbai City,189,0.0,0.0,32.0,0.0
Jordan Murray,Jamshedpur,136,0.0,0.0,36.0,0.0
Miguel Ângelo da Silva Rocha,Lille,37,0.0,0.0,7.0,0.0
Batista Mendy,Angers,106,0.0,0.0,36.0,0.0
Nuno Mendes,Paris Saint-Germain,1537,0.0,0.0,302.0,0.0
João Victor de Albuquerque Bruno,Hyderabad,736,0.0,0.0,242.0,0.0
Naorem Roshan Singh,Bengaluru,641,0.0,0.0,227.0,0.0
Florian Sotoca,Lens,55,0.0,0.0,16.0,0.0
Jonathan David,Lille,87,0.0,0.0,14.0,0.0
Fabián Ruiz Peña,Paris Saint-Germain,1370,0.0,0.0,235.0,0.0
Ander Herrera Agüera,Paris Saint-Germain,293,0.0,0.0,48.0,0.0
Andy Delort,OGC Nice,30,0.0,0.0,7.0,0.0
Bradley Locko,Stade de Reims,48,0.0,0.0,12.0,0.0
Yohann Magnin,Clermont Foot,70,0.0,0.0,17.0,0.0
Osman Bukari,Nantes,33,0.0,0.0,8.0,0.0
Karl Brillant Toko Ekambi,Lyon,59,0.0,0.0,5.0,0.0
Lallianzuala Chhangte,Chennaiyin,144,0.0,0.0,18.0,0.0
Benjamin Lecomte,Montpellier,23,0.0,0.0,16.0,0.0
Nicolas Pépé,OGC Nice,69,0.0,0.0,13.0,0.0
Mohammed Rafique,East Bengal,298,0.0,0.0,83.0,0.0
Jerry Lalrinzuala,Chennaiyin,593,0.0,0.0,174.0,0.0
Brendan Chardonnet,Stade Brestois,36,0.0,0.0,18.0,0.0
Facundo Axel Medina,Lens,103,0.0,0.0,35.0,0.0
Yunis Abdelhamid,Stade de Reims,106,0.0,0.0,51.0,0.0
Laxmikant Kattimani,Hyderabad,343,0.0,0.0,287.0,0.0
Hendry Antonay,Odisha,244,0.0,0.0,89.0,0.0
Udanta Kumam Singh,Bengaluru,292,0.0,0.0,54.0,0.0
Souleyman Doumbia,Angers,31,0.0,0.0,7.0,0.0
Alexandre Lacazette,Lyon,40,0.0,0.0,17.0,0.0
Ismaël Chester Diallo,AC Ajaccio,32,0.0,0.0,12.0,0.0
Sanson Pereira,Goa,229,0.0,0.0,52.0,0.0
Alexander Romario Jesuraj,Goa,104,0.0,0.0,22.0,0.0
Xavier Chavalerin,Troyes,59,0.0,0.0,16.0,0.0
Daniel Lalhlimpuia,Odisha,40,0.0,0.0,8.0,0.0
Sahil Tavora,Hyderabad,218,0.0,0.0,84.0,0.0
Romain Del Castillo,Stade Brestois,34,0.0,0.0,8.0,0.0
Désiré Doué,Rennes,35,0.0,0.0,11.0,0.0
Matz Sels,Strasbourg,33,0.0,0.0,23.0,0.0
Malo Gusto,Lyon,86,0.0,0.0,27.0,0.0
Jodel Dossou,Clermont Foot,20,0.0,0.0,7.0,0.0
Harmanjot Singh Khabra,Kerala Blasters,547,0.0,0.0,202.0,0.0
Kevin Volland,AS Monaco,7,0.0,0.0,1.0,0.0
Maximiliano Caufriez,Clermont Foot,51,0.0,0.0,10.0,0.0
Vincent Sierro,Toulouse,9,0.0,0.0,4.0,0.0
Mattia Viti,OGC Nice,46,0.0,0.0,17.0,0.0
Badredine Bouanani,OGC Nice,10,0.0,0.0,5.0,0.0
Florent Mollet,Nantes,29,0.0,0.0,3.0,0.0
Leny Yoro,Lille,28,0.0,0.0,3.0,0.0
Joris Chotard,Montpellier,97,0.0,0.0,27.0,0.0
Brecht Dejaegere,Toulouse,35,0.0,0.0,8.0,0.0
Daniel Gomes,East Bengal,14,0.0,0.0,2.0,0.0
Lassine Sinayoko,Auxerre,47,0.0,0.0,10.0,0.0
Lilian Brassier,Stade Brestois,71,0.0,0.0,33.0,0.0
Ismael Doukoure,Strasbourg,23,0.0,0.0,7.0,0.0
Sinaly Diomande,Lyon,59,0.0,0.0,21.0,0.0
José Miguel da Rocha Fonte,Lille,118,0.0,0.0,39.0,0.0
Marcelo Antônio Guedes Filho,Bordeaux,41,0.0,0.0,17.0,0.0
Abdallah Dipo Sima,Angers,18,0.0,0.0,2.0,0.0
Enes Sipović,Kerala Blasters,229,0.0,0.0,97.0,0.0
Sacha Delaye,Montpellier,10,0.0,0.0,1.0,0.0
Sada Thioub,Saint-Étienne,17,0.0,0.0,3.0,0.0
Louis Didace Mafouta,Metz,5,0.0,0.0,0.0,
Jeff Reine-Adélaïde,Lyon,13,0.0,0.0,6.0,0.0
Martin Adeline,Stade de Reims,16,0.0,0.0,8.0,0.0
Warmed Omari,Rennes,71,0.0,0.0,28.0,0.0
Abdul Rabeeh,Hyderabad,10,0.0,0.0,1.0,0.0
Jonathas Cristian de Jesus,Odisha,227,0.0,0.0,32.0,0.0
Ashutosh Mehta,ATK Mohun Bagan,343,0.0,0.0,120.0,0.0
Banana Yaya,Bengaluru,162,0.0,0.0,64.0,0.0
Slavko Damjanović,Chennaiyin,514,0.0,0.0,158.0,0.0
Amey Ganesh Ranawade,Mumbai City,445,0.0,0.0,117.0,0.0
Sourav Das,East Bengal,394,0.0,0.0,93.0,0.0
Thilo Kehrer,Paris Saint-Germain,578,0.0,0.0,127.0,0.0
Víctor Mongil Adeva,Odisha,627,0.0,0.0,317.0,0.0
Jerry Mawihmingthanga,Odisha,298,0.0,0.0,64.0,0.0
Deepak Tangri,ATK Mohun Bagan,368,0.0,0.0,91.0,0.0
Mandar Rao Desai,Mumbai City,423,0.0,0.0,110.0,0.0
Lalthathanga Khawlhring,Kerala Blasters,567,0.0,0.0,159.0,0.0
Jorge Rolando Pereyra Díaz,Kerala Blasters,261,0.0,0.0,71.0,0.0
Franjo Prce,East Bengal,390,0.0,0.0,145.0,0.0
Mohammad Sajid Dhot,Chennaiyin,125,0.0,0.0,59.0,0.0
Mathias Coureur,NorthEast United,202,0.0,0.0,52.0,0.0
Przemysław Frankowski,Lens,107,0.0,0.0,22.0,0.0
Kylian Mbappé Lottin,Paris Saint-Germain,1712,0.0,0.0,287.0,0.0
Ygor de Oliveira Ferreira,Mumbai City,89,0.0,0.0,21.0,0.0
Khalil Fayad,Montpellier,11,0.0,0.0,2.0,0.0
Dimitri Payet,Marseille,134,0.0,0.0,37.0,0.0
Gerzino Nyamsi,Strasbourg,71,0.0,0.0,31.0,0.0
Enock Kwateng,Bordeaux,51,0.0,0.0,9.0,0.0
Danish Farooq Bhat,Bengaluru,225,0.0,0.0,82.0,0.0
Steve Michel Mounié,Stade Brestois,17,0.0,0.0,0.0,
Bonke Innocent,Lorient,32,0.0,0.0,10.0,0.0
Peter Hartley,Jamshedpur,304,0.0,0.0,164.0,0.0
Mattéo Guendouzi Olié,Marseille,188,0.0,0.0,37.0,0.0
Issa Kabore,Marseille,10,0.0,0.0,1.0,0.0
Pau López Sabata,Marseille,107,0.0,0.0,66.0,0.0
Morgan Schneiderlin,OGC Nice,47,0.0,0.0,8.0,0.0
Amine Gouiri,OGC Nice,43,0.0,0.0,7.0,0.0
Jubal Rocha Mendes Junior,Auxerre,48,0.0,0.0,13.0,0.0
Azor Matusiwa,Stade de Reims,104,0.0,0.0,48.0,0.0
Suvam Sen,East Bengal,73,0.0,0.0,49.0,0.0
Dennis Appiah,Nantes,65,0.0,0.0,16.0,0.0
Sahal Abdul Samad,Kerala Blasters,285,0.0,0.0,73.0,0.0
Leo Leroy,Montpellier,18,0.0,0.0,5.0,0.0
Rominigue Kouamé N''Guessan,Troyes,86,0.0,0.0,21.0,0.0
El Bilal Toure,Stade de Reims,12,0.0,0.0,1.0,0.0
Nishu Kumar Tashni,Kerala Blasters,157,0.0,0.0,58.0,0.0
Joe Rodon,Rennes,27,0.0,0.0,4.0,0.0
Rahim Ali,Chennaiyin,263,0.0,0.0,62.0,0.0
Hmingthanmawia Ralte,Mumbai City,19,0.0,0.0,3.0,0.0
Eric Junior Dina Ebimbe,Paris Saint-Germain,34,0.0,0.0,6.0,0.0
Rahul Kannoly Praveen,Kerala Blasters,57,0.0,0.0,15.0,0.0
Arthur Desmas,Clermont Foot,22,0.0,0.0,9.0,0.0
Komnen Andrić,Clermont Foot,22,0.0,0.0,1.0,0.0
Abdou Diallo,Paris Saint-Germain,268,0.0,0.0,103.0,0.0
Ishan Pandita,Jamshedpur,36,0.0,0.0,5.0,0.0
Kevin Gameiro,Strasbourg,37,0.0,0.0,4.0,0.0
Jorge Ortiz Mendoza,Goa,486,0.0,0.0,120.0,0.0
Houboulang Mendes,Lorient,50,0.0,0.0,13.0,0.0
Naocha Huidrom Singh,East Bengal,146,0.0,0.0,60.0,0.0
Massadio Haïdara,Lens,17,0.0,0.0,5.0,0.0
Nuno Albertino Varela Tavares,Marseille,82,0.0,0.0,18.0,0.0
Bilal Brahimi,OGC Nice,22,0.0,0.0,4.0,0.0
Laldanmawia Ralte,NorthEast United,68,0.0,0.0,21.0,0.0
Seminlen Doungel,Jamshedpur,160,0.0,0.0,54.0,0.0
Pawan Kumar,Jamshedpur,32,0.0,0.0,24.0,0.0
Alan Virginius,Lille,10,0.0,0.0,2.0,0.0
Ibrahima Niane,Angers,11,0.0,0.0,1.0,0.0
Jean Lucas de Souza Oliveira,AS Monaco,20,0.0,0.0,5.0,0.0
Ayush Adhikari,Kerala Blasters,244,0.0,0.0,57.0,0.0
Edon Zhegrova,Lille,17,0.0,0.0,1.0,0.0
Ankit Mukherjee,East Bengal,52,0.0,0.0,26.0,0.0
Florian Tardieu,Troyes,53,0.0,0.0,15.0,0.0
Saviour Gama,Goa,311,0.0,0.0,72.0,0.0
Ricky Lallawmawma,Jamshedpur,613,0.0,0.0,269.0,0.0
Marcelo Leite Pereira,NorthEast United,103,0.0,0.0,37.0,0.0
Nandhakumar Sekar,Odisha,138,0.0,0.0,28.0,0.0
Arshdeep Singh Saini,Odisha,181,0.0,0.0,100.0,0.0
Álvaro Vázquez García,Kerala Blasters,338,0.0,0.0,89.0,0.0
Alberto Noguera Ripoll,Goa,952,0.0,0.0,350.0,0.0
Joe Zoherliana,NorthEast United,182,0.0,0.0,72.0,0.0
Caio Henrique Oliveira Silva,AS Monaco,62,0.0,0.0,10.0,0.0
Mathieu Coutadeur,AC Ajaccio,76,0.0,0.0,17.0,0.0
Vignesh Dakshinamurthy,Mumbai City,244,0.0,0.0,87.0,0.0
Reinildo Isnard Mandava,Lille,47,0.0,0.0,12.0,0.0
Fali Candé,Metz,17,0.0,0.0,3.0,0.0
Asish Rai,Hyderabad,476,0.0,0.0,176.0,0.0
Cleiton Augusto Oliveira Silva,Bengaluru,350,0.0,0.0,83.0,0.0
Tiago Emanuel Embaló Djaló,Lille,84,0.0,0.0,37.0,0.0
Emmanuel Agbadou,Stade de Reims,33,0.0,0.0,11.0,0.0
Arkadiusz Milik,Marseille,14,0.0,0.0,0.0,
Youssouf Ndayishimiye,OGC Nice,66,0.0,0.0,20.0,0.0
Isaac Vanmalsawma Chhakchhuak,Odisha,482,0.0,0.0,112.0,0.0
Yusuf Yazıcı,Lille,31,0.0,0.0,9.0,0.0
Haris Belkebla,Stade Brestois,70,0.0,0.0,14.0,0.0
Moses Daddy-Ajala Simon,Nantes,19,0.0,0.0,6.0,0.0
Khumanthem Ninthoinganba Meetei,Chennaiyin,149,0.0,0.0,53.0,0.0
Anthony Lopes,Lyon,64,0.0,0.0,38.0,0.0
Pablo Sarabia García,Paris Saint-Germain,82,0.0,0.0,21.0,0.0
Alexander Djiku,Strasbourg,43,0.0,0.0,20.0,0.0
Germanpreet Singh,Chennaiyin,258,0.0,0.0,63.0,0.0
Nabil Bentaleb,Angers,69,0.0,0.0,19.0,0.0
Jean-Mattéo Bahoya Négoce,Angers,22,0.0,0.0,1.0,0.0
Boubacar Traore,Metz,19,0.0,0.0,6.0,0.0
Axel Disasi,AS Monaco,71,0.0,0.0,27.0,0.0
Wesley Saïd,Lens,5,0.0,0.0,2.0,0.0
Lucas Perrin,Strasbourg,72,0.0,0.0,26.0,0.0
Lalrinliana Hnamte,East Bengal,160,0.0,0.0,41.0,0.0
Gideon Mensah,Auxerre,110,0.0,0.0,25.0,0.0
Islam Slimani,Lyon,16,0.0,0.0,2.0,0.0
Josuha Guilavogui,Bordeaux,57,0.0,0.0,18.0,0.0
Gurmeet Singh,Hyderabad,16,0.0,0.0,12.0,0.0
Danylo Ignatenko,Bordeaux,18,0.0,0.0,2.0,0.0
Leonardo Cesar Jardim,Lille,31,0.0,0.0,19.0,0.0
Mickaël Barreto,AC Ajaccio,27,0.0,0.0,5.0,0.0
Lucas Chevalier,Lille,31,0.0,0.0,21.0,0.0
Falaye Sacko,Montpellier,50,0.0,0.0,13.0,0.0
Christopher Wooh,Rennes,63,0.0,0.0,18.0,0.0
Guillermo Alfonso Maripán Loaysa,AS Monaco,57,0.0,0.0,20.0,0.0
Ngasepam Tondonba Singh,NorthEast United,112,0.0,0.0,46.0,0.0
Andrei Girotto,Nantes,139,0.0,0.0,41.0,0.0
David Pereira da Costa,Lens,65,0.0,0.0,14.0,0.0
Bidyananda Singh Ningthoujam,ATK Mohun Bagan,15,0.0,0.0,3.0,0.0
Mohamad Rakip,Mumbai City,100,0.0,0.0,24.0,0.0
Arnaud Nordin,Saint-Étienne,10,0.0,0.0,2.0,0.0
Willem Geubbels,Nantes,5,0.0,0.0,1.0,0.0
Riad Nouri,AC Ajaccio,15,0.0,0.0,3.0,0.0
Seityasen Singh,Hyderabad,13,0.0,0.0,5.0,0.0
Rahul Kumar Paswan,East Bengal,5,0.0,0.0,0.0,
Jean Eudès Aholou,Strasbourg,9,0.0,0.0,3.0,0.0
Marc-Aurèle Caillard,Metz,9,0.0,0.0,7.0,0.0
Soraisam Pritam Kumar Singh,Hyderabad,27,0.0,0.0,8.0,0.0
Enzo Le Fée,Lorient,114,0.0,0.0,26.0,0.0
Leandro Daniel Paredes,Paris Saint-Germain,729,0.0,0.0,196.0,0.0
Hamza Sakhi,Auxerre,67,0.0,0.0,29.0,0.0
Abdoulaye Bamba,Angers,49,0.0,0.0,13.0,0.0
Javier Siverio Toro,Hyderabad,173,0.0,0.0,44.0,0.0
Hugo Magnetti,Stade Brestois,57,0.0,0.0,17.0,0.0
Frédéric Guilbert,Strasbourg,66,0.0,0.0,12.0,0.0
Maxime Busi,Stade de Reims,53,0.0,0.0,13.0,0.0
Nordi Mukiele Mulere,Paris Saint-Germain,444,0.0,0.0,94.0,0.0
Sanjeev Stalin,Kerala Blasters,187,0.0,0.0,78.0,0.0
Gabriel Gudmundsson,Lille,57,0.0,0.0,8.0,0.0
Dylan Daniel Mahmoud Bronn,Metz,17,0.0,0.0,8.0,0.0
Sofiane Boufal,Angers,22,0.0,0.0,2.0,0.0
André Filipe Tavares Gomes,Lille,75,0.0,0.0,20.0,0.0
Marcus Coco,Nantes,23,0.0,0.0,7.0,0.0
El Chadaille Bitshiabu,Paris Saint-Germain,337,0.0,0.0,100.0,0.0
Téji Savanier,Montpellier,101,0.0,0.0,25.0,0.0
Bafodé Diakité,Lille,102,0.0,0.0,19.0,0.0
Edmund Lalrindika,Bengaluru,22,0.0,0.0,2.0,0.0
Sanjin Prcić,Strasbourg,48,0.0,0.0,15.0,0.0
Julian Draxler,Paris Saint-Germain,118,0.0,0.0,22.0,0.0
Cédric Avinel,AC Ajaccio,37,0.0,0.0,13.0,0.0
Sébastien Corchia,Nantes,18,0.0,0.0,8.0,0.0
Adrien Thomasson,Strasbourg,41,0.0,0.0,7.0,0.0
Jonathan Gradit,Lens,90,0.0,0.0,29.0,0.0
Jordan Lotomba,OGC Nice,34,0.0,0.0,16.0,0.0
Zaydou Youssouf,Saint-Étienne,27,0.0,0.0,2.0,0.0
Achraf Dari,Stade Brestois,29,0.0,0.0,9.0,0.0
Sada Thioub,Angers,13,0.0,0.0,2.0,0.0
Nongdamba Singh Naorem,Goa,70,0.0,0.0,12.0,0.0
Kasper Dolberg,OGC Nice,23,0.0,0.0,2.0,0.0
Farid Boulaya,Metz,22,0.0,0.0,8.0,0.0
Mateus Cardoso Lemos Martins,Lyon,16,0.0,0.0,3.0,0.0
Oriol Busquets Mas,Clermont Foot,6,0.0,0.0,3.0,0.0
Warren Kamanzi,Toulouse,25,0.0,0.0,8.0,0.0
Kiyan Nassiri Giri,ATK Mohun Bagan,66,0.0,0.0,18.0,0.0
Benjamin André,Lille,153,0.0,0.0,38.0,0.0
Gelson Dany Batalha Martins,AS Monaco,22,0.0,0.0,5.0,0.0
Valon Berisha,Stade de Reims,11,0.0,0.0,4.0,0.0
Junya Ito,Stade de Reims,25,0.0,0.0,7.0,0.0
Alexis Flips,Stade de Reims,36,0.0,0.0,12.0,0.0
Paul Joly,Auxerre,33,0.0,0.0,4.0,0.0
Marcos Paulo Mesquita Lopes,Troyes,20,0.0,0.0,4.0,0.0
Antoine Mendy,OGC Nice,25,0.0,0.0,1.0,0.0
Mohamed Achi,Nantes,7,0.0,0.0,0.0,
Léo Pétrot,Lorient,16,0.0,0.0,9.0,0.0
Khangembam Bidyashagar Singh,Bengaluru,10,0.0,0.0,2.0,0.0
Kalifa Coulibaly,Nantes,6,0.0,0.0,1.0,0.0
Ismail Jakobs,AS Monaco,16,0.0,0.0,2.0,0.0
Ibrahim Salah,Rennes,6,0.0,0.0,2.0,0.0
João Victor da Silva Marcelino,Nantes,12,0.0,0.0,3.0,0.0
Lohann Doucet,Nantes,7,0.0,0.0,2.0,0.0
Mostafa Mohamed Ahmed Abdallah,Nantes,15,0.0,0.0,2.0,0.0
Yvon Landry Mvogo,Lorient,14,0.0,0.0,5.0,0.0
Sarthak Golui,Bengaluru,15,0.0,0.0,7.0,0.0
Sofiane Diop,AS Monaco,22,0.0,0.0,6.0,0.0
Edouard Michut,Paris Saint-Germain,21,0.0,0.0,7.0,0.0
Ludovic Ajorque,Strasbourg,17,0.0,0.0,0.0,
Amrinder Singh,ATK Mohun Bagan,517,0.0,0.0,327.0,0.0
Vitor Machado Ferreira,Paris Saint-Germain,1494,0.0,0.0,237.0,0.0
Rehnesh Thumbirumbu Paramba,Jamshedpur,222,0.0,0.0,200.0,0.0
Anirudh Thapa,Chennaiyin,541,0.0,0.0,153.0,0.0
Isak Vanlalruatfela,Odisha,34,0.0,0.0,11.0,0.0
Yoann Salmier,Troyes,41,0.0,0.0,15.0,0.0
Lenny Rodrigues,ATK Mohun Bagan,407,0.0,0.0,128.0,0.0
Laurent Abergel,Lorient,146,0.0,0.0,34.0,0.0
Princeton Rebello,Goa,545,0.0,0.0,140.0,0.0
Thomas Monconduit,Lorient,67,0.0,0.0,23.0,0.0
Debjit Majumder,Chennaiyin,182,0.0,0.0,112.0,0.0
Gurjinder Kumar,NorthEast United,471,0.0,0.0,179.0,0.0
Sehnaj Singh,NorthEast United,170,0.0,0.0,46.0,0.0
Bradley Barcola,Lyon,19,0.0,0.0,3.0,0.0
Prabir Das,ATK Mohun Bagan,294,0.0,0.0,100.0,0.0
Patrick Flottmann,NorthEast United,364,0.0,0.0,162.0,0.0
Gaëtan Poussin,Bordeaux,35,0.0,0.0,29.0,0.0
Syed Suhail Pasha,Chennaiyin,37,0.0,0.0,12.0,0.0
David Joel Williams,ATK Mohun Bagan,201,0.0,0.0,62.0,0.0
Pronay Halder,Jamshedpur,257,0.0,0.0,78.0,0.0
Vivaldo Borges dos Santos Neto,Clermont Foot,71,0.0,0.0,6.0,0.0
Nerijus Valskis,Jamshedpur,64,0.0,0.0,26.0,0.0
Mehmet Zeki Çelik,Lille,68,0.0,0.0,24.0,0.0
Bipin Singh Thounajam,Mumbai City,319,0.0,0.0,58.0,0.0
Amir Derviševič,East Bengal,184,0.0,0.0,79.0,0.0
Fares Chaïbi,Toulouse,31,0.0,0.0,9.0,0.0
Bijoy Varghese,Kerala Blasters,132,0.0,0.0,62.0,0.0
Antonio Perošević,East Bengal,170,0.0,0.0,45.0,0.0
Daniel Chima Chukwu,Jamshedpur,90,0.0,0.0,18.0,0.0
Leonardo Julián Balerdi Rossa,Marseille,62,0.0,0.0,25.0,0.0
Sven Botman,Lille,40,0.0,0.0,10.0,0.0
Rayan Ny Aina Arnaldo Raveloson,Auxerre,71,0.0,0.0,23.0,0.0
Harold Moukoudi,Saint-Étienne,22,0.0,0.0,6.0,0.0
Adil Aouchiche,Saint-Étienne,27,0.0,0.0,4.0,0.0
Aniket Anil Jadhav,Hyderabad,139,0.0,0.0,39.0,0.0
Ismaël Gharbi,Paris Saint-Germain,12,0.0,0.0,1.0,0.0
M''Baye Babacar Niang,Auxerre,11,0.0,0.0,0.0,
Wahbi Khazri,Saint-Étienne,17,0.0,0.0,5.0,0.0
Paul Nardi,Lorient,8,0.0,0.0,7.0,0.0
William Mikelbrencis,Metz,14,0.0,0.0,4.0,0.0
Nayef Aguerd,Rennes,50,0.0,0.0,24.0,0.0
Leon Augustine Asokan,Bengaluru,19,0.0,0.0,3.0,0.0
Randal Kolo Muani,Nantes,36,0.0,0.0,4.0,0.0
Jean-Louis Leca,Lens,32,0.0,0.0,18.0,0.0
Wylan Jean-Claude Cyprien,Nantes,10,0.0,0.0,4.0,0.0
Sumit Rathi,ATK Mohun Bagan,13,0.0,0.0,7.0,0.0
Nikhil Raj Murugesh Kumar,Odisha,20,0.0,0.0,5.0,0.0
Nuno Miguel da Costa Jóia,Auxerre,21,0.0,0.0,3.0,0.0
Mehdi Zeffane,Clermont Foot,15,0.0,0.0,2.0,0.0
Doğan Alemdar,Rennes,23,0.0,0.0,16.0,0.0
Arbër Zeneli,Stade de Reims,12,0.0,0.0,5.0,0.0
Kevin Spadanuda,AC Ajaccio,12,0.0,0.0,2.0,0.0
Benoît Guy Robert Costil,Auxerre,20,0.0,0.0,16.0,0.0
Yoann Cathline,Lorient,8,0.0,0.0,0.0,
Ante Palaversa,Troyes,7,0.0,0.0,1.0,0.0
Folarin Balogun,Stade de Reims,10,0.0,0.0,2.0,0.0
Seityasen Singh,Kerala Blasters,22,0.0,0.0,4.0,0.0
Wout Faes,Stade de Reims,42,0.0,0.0,15.0,0.0
Mark Zothanpuia,Hyderabad,34,0.0,0.0,12.0,0.0
Aibanbha Kupar Dohling,Goa,637,0.0,0.0,212.0,0.0
Suhair Vadakkepeedika,NorthEast United,340,0.0,0.0,93.0,0.0
Corentin Tolisso,Lyon,60,0.0,0.0,20.0,0.0
Maxime Esteve,Montpellier,48,0.0,0.0,14.0,0.0
Lalengmawia Ralte,Mumbai City,865,0.0,0.0,213.0,0.0
Birger Meling,Rennes,91,0.0,0.0,24.0,0.0
Bikash Jairu,East Bengal,150,0.0,0.0,40.0,0.0
Hira Mondal,East Bengal,343,0.0,0.0,149.0,0.0
Marko Lešković,Kerala Blasters,767,0.0,0.0,350.0,0.0
Lalhrezuala Sailung,Odisha,201,0.0,0.0,80.0,0.0
Arnaud Kalimuendo Muinga,Lens,30,0.0,0.0,2.0,0.0
Eli Sabia Filho,Jamshedpur,341,0.0,0.0,162.0,0.0
Kevin Danso,Lens,68,0.0,0.0,25.0,0.0
Anisa Anwar Ali,Goa,447,0.0,0.0,177.0,0.0
Jean-Charles Castelletto,Nantes,84,0.0,0.0,20.0,0.0
Glan Martins,Goa,390,0.0,0.0,99.0,0.0
Hrithik Tiwari,Goa,15,0.0,0.0,11.0,0.0
Franck Honorat,Stade Brestois,57,0.0,0.0,10.0,0.0
Youssouf Fofana,AS Monaco,79,0.0,0.0,20.0,0.0
Hichem Boudaoui,OGC Nice,64,0.0,0.0,11.0,0.0
Melvin Bard,OGC Nice,139,0.0,0.0,26.0,0.0
Edwin Sydney Vanspaul,Chennaiyin,311,0.0,0.0,102.0,0.0
Oliver Zandén,Toulouse,9,0.0,0.0,3.0,0.0
Ibrahima Sissoko,Strasbourg,51,0.0,0.0,15.0,0.0
Alexander Nübel,AS Monaco,52,0.0,0.0,35.0,0.0
Johann Lepenant,Lyon,48,0.0,0.0,6.0,0.0
Balwant Singh,East Bengal,17,0.0,0.0,2.0,0.0
Mama Samba Baldé,Troyes,15,0.0,0.0,2.0,0.0
Farid El Melali,Angers,7,0.0,0.0,1.0,0.0
Daniel Chima Chukwu,East Bengal,64,0.0,0.0,18.0,0.0
Predrag Rajković,Stade de Reims,36,0.0,0.0,18.0,0.0
Paul Bernardoni,Saint-Étienne,12,0.0,0.0,8.0,0.0
Komal Thatal,Jamshedpur,48,0.0,0.0,10.0,0.0
Vincent Pajot,Metz,21,0.0,0.0,4.0,0.0
Nikhil Prabhu,Odisha,21,0.0,0.0,7.0,0.0
Maxime Dupé,Toulouse,47,0.0,0.0,22.0,0.0
Andreaw Gravillon,Stade de Reims,54,0.0,0.0,23.0,0.0
Anel Ahmedhodžić,Bordeaux,49,0.0,0.0,18.0,0.0
Julien Laporte,Lorient,33,0.0,0.0,16.0,0.0
Ilan Kebbal,Stade de Reims,26,0.0,0.0,9.0,0.0
Aurélien Djani Tchouaméni,AS Monaco,65,0.0,0.0,12.0,0.0
Maxime Gonalons,Clermont Foot,79,0.0,0.0,20.0,0.0
Gaëtan Charbonnier,Auxerre,5,0.0,0.0,0.0,
Djed Spence,Rennes,32,0.0,0.0,8.0,0.0
Saîf-Eddine Khaoui,Clermont Foot,14,0.0,0.0,2.0,0.0
Amritpal Singh,Hyderabad,8,0.0,0.0,3.0,0.0
Didier Lamkel Zé,Metz,14,0.0,0.0,1.0,0.0
Mickaël Nade,Saint-Étienne,29,0.0,0.0,8.0,0.0
Houssem Aouar,Lyon,25,0.0,0.0,2.0,0.0
Ruslan Malinovskiy,Marseille,28,0.0,0.0,10.0,0.0
Jobby Justin,Chennaiyin,32,0.0,0.0,3.0,0.0
Julien Ponceau,Lorient,5,0.0,0.0,0.0,
Abdul Hakku Nediyodath,Kerala Blasters,26,0.0,0.0,8.0,0.0
Hugo Ekitike,Stade de Reims,32,0.0,0.0,2.0,0.0
Jordan Ferri,Montpellier,129,0.0,0.0,27.0,0.0
Vinit Rai Chamling,Mumbai City,107,0.0,0.0,39.0,0.0
Elbasan Rashani,Clermont Foot,35,0.0,0.0,11.0,0.0
Ahmed Jahouh,Mumbai City,819,0.0,0.0,351.0,0.0
Lalkhawpuimawia Lalkhawpuimawia,NorthEast United,70,0.0,0.0,12.0,0.0
Evann Guessand,Nantes,18,0.0,0.0,4.0,0.0
Ajith Kumar,Bengaluru,109,0.0,0.0,35.0,0.0
Mohamed Youssouf,AC Ajaccio,53,0.0,0.0,20.0,0.0
Pragyan Sundar Gogoi,NorthEast United,228,0.0,0.0,65.0,0.0
Namgyal Bhutia,Bengaluru,152,0.0,0.0,34.0,0.0
Mitchell van Bergen,Stade de Reims,8,0.0,0.0,3.0,0.0
Marco Bizot,Stade Brestois,40,0.0,0.0,28.0,0.0
Montassar Omar Talbi,Lorient,44,0.0,0.0,18.0,0.0
Lucas Tolentino Coelho de Lima,Lyon,42,0.0,0.0,5.0,0.0
Jean-Armel Kana-Biyik,Metz,12,0.0,0.0,8.0,0.0
Falaye Sacko,Saint-Étienne,40,0.0,0.0,8.0,0.0
Ruben Aguilar,AS Monaco,29,0.0,0.0,6.0,0.0
Konsham Chinglensana Singh,Hyderabad,669,0.0,0.0,280.0,0.0
Mikkel Desler,Toulouse,54,0.0,0.0,12.0,0.0
Deiver Andrés Machado Mena,Lens,36,0.0,0.0,4.0,0.0
Gauthier Gallon,Troyes,27,0.0,0.0,15.0,0.0
Stephy Alvaro Mavididi,Montpellier,21,0.0,0.0,3.0,0.0
Idrissa Gana Gueye,Paris Saint-Germain,1062,0.0,0.0,235.0,0.0
Benjamin Leroy,AC Ajaccio,17,0.0,0.0,15.0,0.0
Terem Igobor Moffi,Lorient,25,0.0,0.0,7.0,0.0
Rochharzela Rochharzela,NorthEast United,57,0.0,0.0,15.0,0.0
Gani Ahmed Nigam,NorthEast United,19,0.0,0.0,8.0,0.0
Romain Faivre,Lorient,41,0.0,0.0,9.0,0.0
Rafael Rogério da Silva,Toulouse,27,0.0,0.0,9.0,0.0
Juan Antonio González Fernández,Hyderabad,567,0.0,0.0,249.0,0.0
Eric Bertrand Bailly,Marseille,34,0.0,0.0,14.0,0.0
Calvin Stengs,OGC Nice,10,0.0,0.0,4.0,0.0
Muhammad Ashique Kuruniyan,Bengaluru,311,0.0,0.0,108.0,0.0
Eduardo Bedia Peláez,Goa,1081,0.0,0.0,409.0,0.0
Habibou Mouhamadou Diallo,Strasbourg,9,0.0,0.0,0.0,
Wissam Ben Yedder,AS Monaco,40,0.0,0.0,8.0,0.0
Alan Henrique Costa,Bengaluru,795,0.0,0.0,321.0,0.0
Seriton Fernandes,Goa,636,0.0,0.0,139.0,0.0
Muhammed Nemil Valiyattil,Goa,123,0.0,0.0,21.0,0.0
Alexandre Monteiro de Lima,Jamshedpur,368,0.0,0.0,126.0,0.0
Deshorn Brown,NorthEast United,135,0.0,0.0,20.0,0.0
Akash Mishra,Hyderabad,797,0.0,0.0,256.0,0.0
Mehtab Singh,Mumbai City,437,0.0,0.0,167.0,0.0
Cássio Gabriel Vilela Ferreira,Mumbai City,574,0.0,0.0,179.0,0.0
Renato Júnior Luz Sanches,Lille,53,0.0,0.0,20.0,0.0
Jessel Carneiro,Kerala Blasters,319,0.0,0.0,109.0,0.0
Julian Jeanvier,Auxerre,34,0.0,0.0,13.0,0.0
Adrián Nicolás Luna Retamar,Kerala Blasters,745,0.0,0.0,252.0,0.0
Xavi Simons,Paris Saint-Germain,43,0.0,0.0,2.0,0.0
Adil Khan,East Bengal,198,0.0,0.0,76.0,0.0
Hugo Adnan Boumous,ATK Mohun Bagan,518,0.0,0.0,203.0,0.0
Thomas Foket,Stade de Reims,108,0.0,0.0,18.0,0.0
Ritwik Kumar Das,Jamshedpur,166,0.0,0.0,34.0,0.0
Thibault De Smet,Stade de Reims,46,0.0,0.0,13.0,0.0
Mohammad Nawaz,Mumbai City,353,0.0,0.0,232.0,0.0
Junior Castello Lukeba,Lyon,55,0.0,0.0,11.0,0.0
Hormipam Ruivah,Kerala Blasters,323,0.0,0.0,132.0,0.0
Mihailo Ristić,Montpellier,40,0.0,0.0,8.0,0.0
Soraisham Sandeep Singh,Kerala Blasters,254,0.0,0.0,97.0,0.0
Ariday Cabrera Suárez,Odisha,164,0.0,0.0,39.0,0.0
Parag Satish Shrivas,Bengaluru,317,0.0,0.0,145.0,0.0
Mory Diaw,Clermont Foot,52,0.0,0.0,29.0,0.0
Brice Samba,Lens,19,0.0,0.0,10.0,0.0
Branco van den Boomen,Toulouse,85,0.0,0.0,33.0,0.0
PC Laldinpuia,Jamshedpur,102,0.0,0.0,30.0,0.0
Gabriel Alonso Suazo Urbina,Toulouse,8,0.0,0.0,3.0,0.0
Hatem Ben Arfa,Lille,30,0.0,0.0,5.0,0.0
Aleksandr Golovin,AS Monaco,49,0.0,0.0,14.0,0.0
Thijs Dallinga,Toulouse,14,0.0,0.0,2.0,0.0
Djibril Sidibé,AS Monaco,45,0.0,0.0,18.0,0.0
Youssouf Koné,AC Ajaccio,23,0.0,0.0,10.0,0.0
Wahbi Khazri,Montpellier,21,0.0,0.0,3.0,0.0
Nicolás Alejandro Tagliafico,Lyon,51,0.0,0.0,15.0,0.0
Francisco José Sota Bernard,East Bengal,87,0.0,0.0,31.0,0.0
Issa Kabore,Troyes,35,0.0,0.0,10.0,0.0
Halicharan Narzary,Hyderabad,24,0.0,0.0,7.0,0.0
Dylan Fox,Goa,232,0.0,0.0,91.0,0.0
Han-Noah Massengo,Auxerre,51,0.0,0.0,14.0,0.0
Jason Denayer,Lyon,35,0.0,0.0,10.0,0.0
Mario Lemina,OGC Nice,111,0.0,0.0,25.0,0.0
Pol Mikel Lirola Kosok,Marseille,41,0.0,0.0,2.0,0.0
Xherdan Shaqiri,Lyon,26,0.0,0.0,4.0,0.0
Ananta Tamang,East Bengal,22,0.0,0.0,9.0,0.0
Aimen Moueffek,Saint-Étienne,14,0.0,0.0,3.0,0.0
Logan Costa,Toulouse,18,0.0,0.0,7.0,0.0
Aaren D''Silva,Hyderabad,26,0.0,0.0,6.0,0.0
Hugo Ekitike,Paris Saint-Germain,187,0.0,0.0,29.0,0.0
Colin Dagba,Strasbourg,15,0.0,0.0,1.0,0.0
Christopher Jullien,Montpellier,20,0.0,0.0,6.0,0.0
Bruno Guimarães Rodriguez Moura,Lyon,60,0.0,0.0,17.0,0.0
Ionuț Andrei Radu,Auxerre,15,0.0,0.0,9.0,0.0
Fábio Pereira da Silva,Nantes,32,0.0,0.0,10.0,0.0
Miguel Ángel Trauco Saavedra,Saint-Étienne,29,0.0,0.0,8.0,0.0
Renaud Ripart,Troyes,21,0.0,0.0,4.0,0.0
Prasanth Karuthadathkuni,Kerala Blasters,67,0.0,0.0,10.0,0.0
Sandip Mandi,Jamshedpur,11,0.0,0.0,5.0,0.0
Florent Ogier,Clermont Foot,37,0.0,0.0,12.0,0.0
Azzedine Ounahi,Marseille,10,0.0,0.0,3.0,0.0
Domagoj Bradarić,Lille,10,0.0,0.0,2.0,0.0
Timothy Weah,Lille,68,0.0,0.0,12.0,0.0
Eliaquim Mangala,Saint-Étienne,6,0.0,0.0,2.0,0.0
Redeem Tlang,Odisha,72,0.0,0.0,15.0,0.0
Sergio Rico González,Paris Saint-Germain,7,0.0,0.0,3.0,0.0
Sepe Elye Wahi,Montpellier,13,0.0,0.0,1.0,0.0
Mahdi Camara,Stade Brestois,28,0.0,0.0,6.0,0.0
Leander D''Cunha,Goa,205,0.0,0.0,46.0,0.0
